Semut,Step,Dari Kota,Ke Kota,Jarak,Pheromone,Probabilitas,Random R,Keputusan,Rute Sementara
Semut 1,1,15,5,25.0000,1.000000,0.428109,0.434647,Pindah ke Kota 5,15-5
Semut 1,2,5,6,35.3553,1.000000,0.232033,0.203414,Pindah ke Kota 6,15-5-6
Semut 1,3,6,25,124.1974,1.000000,0.046963,0.443812,Pindah ke Kota 25,15-5-6-25
Semut 1,52,52,15,995.1131,1.000000,1.000000,0.000000,Kembali ke Awal (Kota 15),15-5-6-25-37-40-39-36-35-34-24-48-32-49-16-29-20-50-31-22-1-46-44-23-30-21-4-38-47-11-10-45-19-41-18-17-3-51-12-28-27-26-13-14-43-8-9-33-2-7-42-52-15
Semut 2,1,10,41,243.9775,0.900000,0.050530,0.879747,Pindah ke Kota 41,10-41
Semut 2,2,41,48,498.5228,0.900000,0.006756,0.974621,Pindah ke Kota 48,10-41-48
Semut 2,3,48,24,15.8114,0.900061,0.635204,0.628817,Pindah ke Kota 24,10-41-48-24
Semut 2,52,23,10,734.9320,0.900000,1.000000,0.000000,Kembali ke Awal (Kota 10),10-41-48-24-37-50-20-34-40-5-15-4-26-16-38-46-44-18-21-31-22-1-32-49-35-36-39-6-47-43-12-11-29-33-51-28-3-19-45-9-8-17-42-7-2-27-14-52-13-25-30-23-10
Semut 3,1,30,2,390.4485,0.810000,0.023318,0.028043,Pindah ke Kota 2,30-2
Semut 3,2,2,32,730.0000,0.810000,0.002821,0.817110,Pindah ke Kota 32,30-2-32
Semut 3,3,32,35,130.3840,0.810000,0.045461,0.420307,Pindah ke Kota 35,30-2-32-35
Semut 3,52,33,30,1172.9024,0.810000,1.000000,0.000000,Kembali ke Awal (Kota 30),30-2-32-35-36-39-48-24-5-6-38-37-40-15-25-20-1-34-49-22-31-21-18-45-11-10-9-8-41-27-28-26-47-19-42-7-46-23-12-43-16-50-3-17-51-4-44-29-14-13-52-33-30
Semut 4,1,35,36,15.0000,0.729154,0.543781,0.465974,Pindah ke Kota 36,35-36
Semut 4,2,36,34,33.5410,0.729000,0.340878,0.291860,Pindah ke Kota 34,35-36-34
Semut 4,3,34,21,416.2031,0.729000,0.003871,0.171839,Pindah ke Kota 21,35-36-34-21
Semut 4,52,51,35,667.7762,0.729000,1.000000,0.000000,Kembali ke Awal (Kota 35),35-36-34-21-31-49-32-39-38-48-24-5-15-6-33-17-3-40-43-18-8-4-45-19-41-22-1-10-9-23-30-20-50-16-37-46-25-12-27-28-26-13-42-2-7-11-44-29-14-47-52-51-35
Semut 5,1,33,18,903.2442,0.656100,0.012525,0.357627,Pindah ke Kota 18,33-18
Semut 5,2,18,45,228.0351,0.656147,0.028157,0.909467,Pindah ke Kota 45,33-18-45
Semut 5,3,45,32,151.3275,0.656100,0.069729,0.620719,Pindah ke Kota 32,33-18-45-32
Semut 5,52,11,33,706.1338,0.656100,1.000000,0.000000,Kembali ke Awal (Kota 33),33-18-45-32-20-50-39-40-35-34-5-15-24-25-46-36-49-22-31-1-38-48-6-4-43-44-17-3-9-10-41-8-27-51-12-28-14-47-13-52-26-29-16-30-19-21-2-42-7-23-37-11-33
Semut 6,1,33,37,668.5058,0.590490,0.022865,0.637622,Pindah ke Kota 37,33-37
Semut 6,2,37,24,66.7083,0.590532,0.072345,0.210257,Pindah ke Kota 24,33-37-24
Semut 6,3,24,48,15.8114,0.590666,0.581347,0.496896,Pindah ke Kota 48,33-37-24-48
Semut 6,52,11,33,706.1338,0.590557,1.000000,0.000000,Kembali ke Awal (Kota 33),33-37-24-48-5-6-4-25-15-35-36-34-44-38-49-1-22-32-21-30-42-2-7-26-27-10-9-51-12-43-52-47-29-50-20-40-16-39-18-31-8-41-19-45-17-14-23-3-46-28-13-11-33
Semut 7,1,10,9,83.2166,0.531643,0.434432,0.509516,Pindah ke Kota 9,10-9
Semut 7,2,9,3,485.6439,0.531501,0.025814,0.034930,Pindah ke Kota 3,10-9-3
Semut 7,3,3,37,447.4651,0.531441,0.013701,0.741881,Pindah ke Kota 37,10-9-3-37
Semut 7,52,33,10,500.8992,0.531441,1.000000,0.000000,Kembali ke Awal (Kota 10),10-9-3-37-25-4-24-48-16-32-49-43-34-44-38-39-35-36-40-31-1-22-18-23-20-50-29-30-28-27-13-47-5-6-15-8-41-19-45-46-26-52-14-2-7-42-21-17-12-51-11-33-10
Semut 8,1,28,27,110.1136,0.478475,0.271941,0.709808,Pindah ke Kota 27,28-27
Semut 8,2,27,23,845.9314,0.478297,0.006374,0.381763,Pindah ke Kota 23,28-27-23
Semut 8,3,23,17,418.0012,0.478297,0.009404,0.152775,Pindah ke Kota 17,28-27-23-17
Semut 8,52,11,28,417.6422,0.478297,1.000000,0.000000,Kembali ke Awal (Kota 28),28-27-23-17-31-36-35-40-48-25-4-5-6-24-38-15-7-2-30-50-1-49-32-22-45-34-39-37-44-29-33-12-3-19-41-8-20-21-14-26-42-18-46-16-9-10-43-47-52-13-51-11-28
Semut 9,1,8,41,64.0312,0.430712,0.436200,0.670734,Pindah ke Kota 41,8-41
Semut 9,2,41,45,165.6050,0.430467,0.098935,0.937380,Pindah ke Kota 45,8-41-45
Semut 9,3,45,33,687.7863,0.430467,0.003628,0.712697,Pindah ke Kota 33,8-41-45-33
Semut 9,52,13,8,1234.3419,0.430467,1.000000,0.000000,Kembali ke Awal (Kota 8),8-41-45-33-43-3-32-1-49-35-36-48-5-4-15-40-37-38-25-6-27-28-12-46-16-44-34-31-22-21-50-20-29-39-24-51-10-9-19-17-30-23-7-42-2-18-52-11-47-14-26-13-8
Semut 10,1,22,34,180.0694,0.387420,0.023198,0.732845,Pindah ke Kota 34,22-34
Semut 10,2,34,35,21.2132,0.387490,0.486118,0.501169,Pindah ke Kota 35,22-34-35
Semut 10,3,35,36,15.0000,0.387750,0.751525,0.365771,Pindah ke Kota 36,22-34-35-36
Semut 10,52,11,22,1085.5644,0.387420,1.000000,0.000000,Kembali ke Awal (Kota 22),22-34-35-36-24-48-40-5-15-6-37-38-39-49-32-18-44-23-31-41-10-9-50-16-29-14-47-27-28-51-25-4-43-12-45-19-8-17-3-2-21-30-7-42-26-13-52-1-20-46-33-11-22
Semut 11,1,20,50,35.3553,0.348943,0.605586,0.684718,Pindah ke Kota 50,20-50
Semut 11,2,50,36,265.7066,0.348678,0.028387,0.733206,Pindah ke Kota 36,20-50-36
Semut 11,3,36,1,125.0000,0.348678,0.009104,0.002126,Pindah ke Kota 1,20-50-36-1
Semut 11,52,11,20,1075.6626,0.348678,1.000000,0.000000,Kembali ke Awal (Kota 20),20-50-36-1-49-32-44-35-39-43-6-40-38-5-25-33-14-13-47-26-28-27-45-4-46-24-48-37-21-30-31-8-41-19-15-12-51-9-16-22-29-3-17-7-2-42-23-18-10-34-52-11-20
Semut 12,1,40,37,41.2311,0.313907,0.176445,0.382852,Pindah ke Kota 37,40-37
Semut 12,2,37,38,43.0116,0.313941,0.214531,0.653672,Pindah ke Kota 38,40-37-38
Semut 12,3,38,24,44.7214,0.313852,0.203837,0.580252,Pindah ke Kota 24,40-37-38-24
Semut 12,52,4,40,188.2817,0.313811,1.000000,0.000000,Kembali ke Awal (Kota 40),40-37-38-24-15-5-6-35-36-39-1-49-32-48-45-19-41-33-34-44-20-50-23-21-2-7-42-16-46-25-28-26-47-13-12-43-9-10-8-18-31-22-30-17-3-27-11-51-14-52-29-4-40
Semut 13,1,3,41,246.9818,0.282430,0.043950,0.836491,Pindah ke Kota 41,3-41
Semut 13,2,41,43,401.9950,0.282430,0.010377,0.889455,Pindah ke Kota 43,3-41-43
Semut 13,3,43,6,260.0481,0.282482,0.052397,0.160704,Pindah ke Kota 6,3-41-43-6
Semut 13,52,13,3,1247.7580,0.282430,1.000000,0.000000,Kembali ke Awal (Kota 3),3-41-43-6-15-5-39-40-35-49-32-22-1-21-9-4-25-34-44-8-17-11-47-26-27-28-12-45-33-37-38-48-24-50-20-23-31-18-16-30-29-42-7-2-19-14-52-51-46-36-10-13-3
Semut 14,1,5,24,31.6228,0.254227,0.198035,0.520000,Pindah ke Kota 24,5-24
Semut 14,2,24,48,15.8114,0.254471,0.655027,0.417379,Pindah ke Kota 48,5-24-48
Semut 14,3,48,50,343.1108,0.254187,0.004566,0.995306,Pindah ke Kota 50,5-24-48-50
Semut 14,52,29,5,509.7548,0.254187,1.000000,0.000000,Kembali ke Awal (Kota 5),5-24-48-50-20-1-22-31-49-46-35-39-40-38-37-34-36-6-15-4-33-9-8-41-19-45-23-44-21-17-2-7-42-30-25-26-47-52-3-18-32-28-11-27-12-16-43-10-51-14-13-29-5
Semut 15,1,19,23,460.9772,0.228768,0.007248,0.303006,Pindah ke Kota 23,19-23
Semut 15,2,23,41,545.0229,0.228768,0.005545,0.784377,Pindah ke Kota 41,19-23-41
Semut 15,3,41,8,64.0312,0.229042,0.497351,0.252665,Pindah ke Kota 8,19-23-41-8
Semut 15,52,2,19,843.4009,0.228815,1.000000,0.000000,Kembali ke Awal (Kota 19),19-23-41-8-18-49-39-36-35-34-22-20-5-1-17-3-32-37-38-40-44-48-15-24-16-50-31-30-21-29-47-26-27-11-14-13-6-4-45-10-9-43-25-52-33-12-46-51-28-7-42-2-19
Semut 16,1,1,49,64.0312,0.206065,0.158293,0.887539,Pindah ke Kota 49,1-49
Semut 16,2,49,32,50.0000,0.206164,0.273278,0.369214,Pindah ke Kota 32,1-49-32
Semut 16,3,32,39,148.0709,0.205909,0.058561,0.787442,Pindah ke Kota 39,1-49-32-39
Semut 16,52,52,1,1220.4610,0.205927,1.000000,0.000000,Kembali ke Awal (Kota 1),1-49-32-39-34-35-36-38-46-11-24-6-15-4-19-12-28-47-26-42-2-7-21-31-17-22-23-30-50-20-29-37-40-44-16-9-10-41-8-45-3-18-27-14-13-48-5-25-51-43-33-52-1
Semut 17,1,40,15,90.1388,0.185346,0.036903,0.099812,Pindah ke Kota 15,40-15
Semut 17,2,15,5,25.0000,0.185483,0.442787,0.272256,Pindah ke Kota 5,40-15-5
Semut 17,3,5,24,31.6228,0.185383,0.302126,0.466716,Pindah ke Kota 24,40-15-5-24
Semut 17,52,26,40,609.1387,0.185302,1.000000,0.000000,Kembali ke Awal (Kota 40),40-15-5-24-48-38-37-34-35-36-6-43-11-52-14-47-28-12-29-30-23-21-7-42-2-22-20-50-44-49-1-32-31-18-3-45-39-25-46-4-51-10-9-41-8-19-17-16-27-33-13-26-40
Semut 18,1,13,26,254.0177,0.166926,0.093865,0.398249,Pindah ke Kota 26,13-26
Semut 18,2,26,44,574.6738,0.166772,0.012103,0.785504,Pindah ke Kota 44,13-26-44
Semut 18,3,44,46,130.8625,0.166795,0.052751,0.857273,Pindah ke Kota 46,13-26-44-46
Semut 18,52,47,13,324.4226,0.166888,1.000000,0.000000,Kembali ke Awal (Kota 13),13-26-44-46-24-48-5-40-4-38-37-35-39-34-36-1-32-49-8-41-2-22-31-3-21-30-29-50-20-51-28-25-15-6-45-18-23-16-12-43-10-9-7-42-17-19-33-11-27-52-14-47-13
Semut 19,1,51,28,337.2314,0.150242,0.053606,0.661525,Pindah ke Kota 28,51-28
Semut 19,2,28,14,484.1746,0.150112,0.014475,0.243943,Pindah ke Kota 14,51-28-14
Semut 19,3,14,47,364.9658,0.150307,0.078979,0.816766,Pindah ke Kota 47,51-28-14-47
Semut 19,52,16,51,710.1056,0.150095,1.000000,0.000000,Kembali ke Awal (Kota 51),51-28-14-47-13-26-48-24-5-15-6-37-35-36-34-21-50-20-18-40-44-46-38-39-49-32-45-19-31-3-41-8-43-1-22-12-4-11-42-7-2-52-27-33-9-10-25-29-30-23-17-16-51
Semut 20,1,9,47,1257.0601,0.135085,0.002047,0.969483,Pindah ke Kota 47,9-47
Semut 20,2,47,26,185.5398,0.135304,0.195945,0.383142,Pindah ke Kota 26,9-47-26
Semut 20,3,26,52,525.0000,0.135120,0.015389,0.998378,Pindah ke Kota 52,9-47-26-52
Semut 20,52,3,9,485.6439,0.135120,1.000000,0.000000,Kembali ke Awal (Kota 9),9-47-26-52-40-36-37-39-24-48-15-6-4-50-46-34-31-18-32-49-1-20-22-25-5-16-23-45-19-41-8-10-35-44-2-42-7-21-30-29-38-17-33-12-28-51-27-14-13-11-43-3-9
Semut 21,1,21,3,288.5308,0.121631,0.035238,0.075904,Pindah ke Kota 3,21-3
Semut 21,2,3,43,556.5968,0.121657,0.008945,0.847292,Pindah ke Kota 43,21-3-43
Semut 21,3,43,34,382.3938,0.121594,0.023862,0.600503,Pindah ke Kota 34,21-3-43-34
Semut 21,52,33,21,1097.9640,0.121577,1.000000,0.000000,Kembali ke Awal (Kota 21),21-3-43-34-36-35-49-15-37-40-38-48-24-5-6-46-41-19-45-8-32-23-18-51-12-28-27-26-47-50-20-44-1-22-31-29-30-17-2-7-42-9-10-39-25-4-16-14-52-13-11-33-21
Semut 22,1,30,49,422.6701,0.109419,0.019888,0.899231,Pindah ke Kota 49,30-49
Semut 22,2,49,33,763.7081,0.109419,0.001005,0.593202,Pindah ke Kota 33,30-49-33
Semut 22,3,33,4,517.3490,0.109449,0.039157,0.034502,Pindah ke Kota 4,30-49-33-4
Semut 22,52,43,30,815.5520,0.109419,1.000000,0.000000,Kembali ke Awal (Kota 30),30-49-33-4-5-24-15-6-48-38-34-35-36-1-52-13-14-26-27-28-12-11-51-25-37-40-39-31-2-7-42-21-3-19-45-18-32-44-46-20-23-50-29-17-22-41-8-10-9-47-16-43-30
Semut 23,1,24,48,15.8114,0.098853,0.563362,0.520186,Pindah ke Kota 48,24-48
Semut 23,2,48,5,47.4342,0.098581,0.192897,0.077494,Pindah ke Kota 5,24-48-5
Semut 23,3,5,6,35.3553,0.098615,0.222056,0.055914,Pindah ke Kota 6,24-48-5-6
Semut 23,52,14,24,931.3565,0.098477,1.000000,0.000000,Kembali ke Awal (Kota 24),24-48-5-6-38-37-34-35-36-39-40-17-3-19-50-16-7-2-30-10-44-25-4-20-23-22-1-49-31-18-9-13-52-27-28-11-51-12-26-47-43-32-21-46-15-8-41-45-33-42-29-14-24
Semut 24,1,3,17,217.3131,0.088795,0.056848,0.165124,Pindah ke Kota 17,3-17
Semut 24,2,17,19,421.0998,0.088721,0.033031,0.315179,Pindah ke Kota 19,3-17-19
Semut 24,3,19,35,330.1893,0.088629,0.014775,0.370537,Pindah ke Kota 35,3-17-19-35
Semut 24,52,33,3,903.3964,0.088629,1.000000,0.000000,Kembali ke Awal (Kota 3),3-17-19-35-36-5-6-24-37-40-38-20-50-25-15-49-48-43-4-22-16-44-46-18-31-47-30-23-1-32-10-9-8-2-7-42-29-45-41-26-13-14-21-34-39-28-27-12-51-11-52-33-3
Semut 25,1,40,35,93.0054,0.079802,0.034637,0.254793,Pindah ke Kota 35,40-35
Semut 25,2,35,36,15.0000,0.080200,0.552414,0.729756,Pindah ke Kota 36,40-35-36
Semut 25,3,36,39,43.0116,0.079877,0.218977,0.778759,Pindah ke Kota 39,40-35-36-39
Semut 25,52,29,40,480.5206,0.079766,1.000000,0.000000,Kembali ke Awal (Kota 40),40-35-36-39-16-26-28-20-23-50-22-18-38-45-8-9-10-41-19-43-37-24-48-47-13-14-30-17-3-1-32-49-44-34-6-15-5-4-51-12-21-31-42-2-7-27-52-11-33-25-46-29-40
Semut 26,1,10,8,180.3469,0.071894,0.092338,0.128536,Pindah ke Kota 8,10-8
Semut 26,2,8,41,64.0312,0.072145,0.462504,0.582998,Pindah ke Kota 41,10-8-41
Semut 26,3,41,14,1423.0425,0.071790,0.001402,0.163199,Pindah ke Kota 14,10-8-41-14
Semut 26,52,30,10,912.1403,0.071835,1.000000,0.000000,Kembali ke Awal (Kota 10),10-8-41-14-40-37-24-48-35-34-36-49-43-44-19-45-32-18-50-20-23-4-6-15-25-31-21-47-27-28-26-13-52-12-16-5-38-39-7-2-42-17-3-22-1-11-51-33-9-46-29-30-10
Semut 27,1,6,40,120.4159,0.064623,0.024614,0.885945,Pindah ke Kota 40,6-40
Semut 27,2,40,5,85.1469,0.064656,0.042199,0.019927,Pindah ke Kota 5,6-40-5
Semut 27,3,5,15,25.0000,0.064788,0.389574,0.051459,Pindah ke Kota 15,6-40-5-15
Semut 27,52,17,6,735.0170,0.064611,1.000000,0.000000,Kembali ke Awal (Kota 6),6-40-5-15-24-48-35-39-36-34-44-10-27-28-12-47-25-4-38-1-22-49-46-16-29-30-50-31-18-19-45-41-23-20-21-37-51-33-9-8-42-2-7-3-32-14-13-26-11-52-43-17-6
Semut 28,1,18,31,80.1561,0.058375,0.228030,0.655444,Pindah ke Kota 31,18-31
Semut 28,2,31,36,270.6474,0.058157,0.024465,0.750879,Pindah ke Kota 36,18-31-36
Semut 28,3,36,35,15.0000,0.058518,0.633634,0.537062,Pindah ke Kota 35,18-31-36-35
Semut 28,52,10,18,547.9507,0.058160,1.000000,0.000000,Kembali ke Awal (Kota 18),18-31-36-35-34-44-6-4-25-46-5-15-40-37-39-43-1-21-22-49-50-20-16-29-28-27-13-47-26-52-12-51-48-38-24-11-32-45-8-41-9-19-3-7-2-42-17-23-30-14-33-10-18
Semut 29,1,48,24,15.8114,0.052718,0.635866,0.503130,Pindah ke Kota 24,48-24
Semut 29,2,24,5,31.6228,0.052472,0.321988,0.100618,Pindah ke Kota 5,48-24-5
Semut 29,3,5,38,50.9902,0.052393,0.106523,0.864808,Pindah ke Kota 38,48-24-5-38
Semut 29,52,11,48,775.0645,0.052335,1.000000,0.000000,Kembali ke Awal (Kota 48),48-24-5-38-37-39-36-35-16-50-20-1-22-32-30-47-26-13-14-52-34-23-25-6-15-40-9-10-19-45-8-41-21-31-18-46-44-49-4-12-3-7-17-43-27-28-51-29-2-42-33-11-48
Semut 30,1,42,2,102.5914,0.047458,0.249448,0.024793,Pindah ke Kota 2,42-2
Semut 30,2,2,7,45.0000,0.047530,0.857431,0.535504,Pindah ke Kota 7,42-2-7
Semut 30,3,7,16,713.8627,0.047131,0.022036,0.163028,Pindah ke Kota 16,42-2-7-16
Semut 30,52,33,42,1386.7318,0.047189,1.000000,0.000000,Kembali ke Awal (Kota 42),42-2-7-16-4-38-40-37-39-35-36-23-41-8-19-21-18-31-3-17-46-1-49-45-32-50-20-22-34-24-48-6-5-15-51-11-14-26-47-28-25-12-27-13-52-10-9-43-44-30-29-33-42
Semut 31,1,5,1,291.2044,0.042403,0.002328,0.001500,Pindah ke Kota 1,5-1
Semut 31,2,1,49,64.0312,0.042572,0.159675,0.937621,Pindah ke Kota 49,5-1-49
Semut 31,3,49,32,50.0000,0.042558,0.276878,0.419695,Pindah ke Kota 32,5-1-49-32
Semut 31,52,42,5,847.6585,0.042391,1.000000,0.000000,Kembali ke Awal (Kota 5),5-1-49-32-48-15-45-19-41-8-10-6-38-24-40-37-39-36-35-34-21-31-7-2-43-20-50-23-30-18-22-46-44-12-27-28-11-51-52-47-25-9-3-17-16-29-4-26-33-13-14-42-5
Semut 32,1,20,50,35.3553,0.038576,0.607714,0.495608,Pindah ke Kota 50,20-50
Semut 32,2,50,32,305.6550,0.038211,0.021463,0.637842,Pindah ke Kota 32,20-50-32
Semut 32,3,32,49,50.0000,0.038359,0.313681,0.794289,Pindah ke Kota 49,20-50-32-49
Semut 32,52,42,20,476.7075,0.038152,1.000000,0.000000,Kembali ke Awal (Kota 20),20-50-32-49-31-40-39-36-35-34-16-48-24-5-17-8-30-23-1-22-44-38-15-4-6-37-25-46-3-45-41-19-11-27-28-26-12-14-13-29-43-2-7-21-18-9-10-33-51-52-47-42-20
Semut 33,1,49,36,81.3941,0.034372,0.088151,0.780225,Pindah ke Kota 36,49-36
Semut 33,2,36,37,85.0000,0.034354,0.019869,0.845563,Pindah ke Kota 37,49-36-37
Semut 33,3,37,34,76.1577,0.034383,0.058641,0.287718,Pindah ke Kota 34,49-36-37-34
Semut 33,52,10,49,507.0010,0.034337,1.000000,0.000000,Kembali ke Awal (Kota 49),49-36-37-34-35-1-2-7-42-22-50-20-3-18-31-44-15-24-48-6-5-4-40-29-23-30-21-38-39-32-45-19-41-8-33-47-14-43-46-12-28-27-51-11-13-52-16-25-26-17-9-10-49
Semut 34,1,43,36,363.5932,0.030903,0.025918,0.674928,Pindah ke Kota 36,43-36
Semut 34,2,36,35,15.0000,0.031323,0.633271,0.657800,Pindah ke Kota 35,43-36-35
Semut 34,3,35,48,145.7738,0.030964,0.012584,0.952991,Pindah ke Kota 48,43-36-35-48
Semut 34,52,33,43,365.0000,0.030919,1.000000,0.000000,Kembali ke Awal (Kota 43),43-36-35-48-12-13-41-5-15-6-24-28-25-4-34-39-38-37-45-19-49-18-31-23-22-3-44-1-32-21-30-9-10-17-42-7-2-16-50-20-46-29-11-52-14-8-51-40-26-27-47-33-43
Semut 35,1,11,25,631.2686,0.027813,0.025809,0.359488,Pindah ke Kota 25,11-25
Semut 35,2,25,15,164.0122,0.027876,0.058295,0.412030,Pindah ke Kota 15,11-25-15
Semut 35,3,15,5,25.0000,0.028051,0.433736,0.267122,Pindah ke Kota 5,11-25-15-5
Semut 35,52,52,11,398.5599,0.027964,1.000000,0.000000,Kembali ke Awal (Kota 11),11-25-15-5-37-40-48-6-24-4-36-35-34-44-21-9-10-49-1-22-32-31-23-20-50-16-7-2-42-19-39-38-47-26-8-3-17-45-41-46-28-14-13-27-29-30-51-18-33-43-12-52-11
Semut 36,1,25,46,173.3494,0.025151,0.052104,0.858561,Pindah ke Kota 46,25-46
Semut 36,2,46,27,518.6521,0.025032,0.004983,0.387125,Pindah ke Kota 27,25-46-27
Semut 36,3,27,24,575.6084,0.025032,0.010253,0.294052,Pindah ke Kota 24,25-46-27-24
Semut 36,52,51,25,392.7467,0.025062,1.000000,0.000000,Kembali ke Awal (Kota 25),25-46-27-24-48-6-15-38-37-40-39-34-36-35-49-10-9-19-22-44-20-50-31-1-32-8-41-17-45-28-12-26-14-13-52-30-23-5-4-43-18-33-29-42-7-2-21-3-16-47-11-51-25
Semut 37,1,7,42,76.1577,0.022809,0.227034,0.880174,Pindah ke Kota 42,7-42
Semut 37,2,42,30,315.1587,0.022537,0.047779,0.798214,Pindah ke Kota 30,7-42-30
Semut 37,3,30,18,385.0325,0.022562,0.025473,0.198859,Pindah ke Kota 18,7-42-30-18
Semut 37,52,17,7,451.2483,0.022561,1.000000,0.000000,Kembali ke Awal (Kota 7),7-42-30-18-22-46-15-48-24-5-12-51-4-6-38-35-36-39-40-37-41-8-3-29-34-49-16-50-20-25-27-43-44-31-1-32-45-19-21-47-13-14-26-28-2-23-9-10-33-11-52-17-7
Semut 38,1,21,31,150.0000,0.020379,0.130764,0.596600,Pindah ke Kota 31,21-31
Semut 38,2,31,1,146.3728,0.020396,0.069891,0.046942,Pindah ke Kota 1,21-31-1
Semut 38,3,1,35,121.6553,0.020317,0.045408,0.619872,Pindah ke Kota 35,21-31-1-35
Semut 38,52,17,21,253.0316,0.020284,1.000000,0.000000,Kembali ke Awal (Kota 21),21-31-1-35-39-37-40-48-4-6-5-38-24-15-36-49-32-3-19-50-20-18-43-41-8-10-46-22-30-23-34-45-44-29-16-26-25-28-27-13-14-47-52-2-7-42-12-51-11-33-9-17-21
Semut 39,1,41,10,243.9775,0.018277,0.027169,0.502865,Pindah ke Kota 10,41-10
Semut 39,2,10,9,83.2166,0.018662,0.462525,0.278814,Pindah ke Kota 9,41-10-9
Semut 39,3,9,49,550.5679,0.018248,0.022439,0.955997,Pindah ke Kota 49,41-10-9-49
Semut 39,52,8,41,64.0312,0.018662,1.000000,0.000000,Kembali ke Awal (Kota 41),41-10-9-49-39-34-35-36-5-15-40-38-48-24-6-4-12-11-27-28-26-14-50-20-30-37-45-31-1-23-2-7-42-3-22-29-19-51-13-52-46-18-32-33-21-17-43-47-16-44-25-8-41
Semut 40,1,13,26,254.0177,0.016517,0.093710,0.347234,Pindah ke Kota 26,13-26
Semut 40,2,26,28,158.9025,0.016597,0.159318,0.601776,Pindah ke Kota 28,13-26-28
Semut 40,3,28,48,469.5743,0.016423,0.017833,0.915367,Pindah ke Kota 48,13-26-28-48
Semut 40,52,42,13,1371.3132,0.016425,1.000000,0.000000,Kembali ke Awal (Kota 13),13-26-28-48-24-5-15-7-2-18-17-45-19-41-3-36-35-34-37-39-40-6-38-1-23-22-32-31-21-30-50-20-12-44-4-51-43-46-16-29-47-25-52-14-8-49-11-27-9-10-33-42-13
Semut 41,1,24,48,15.8114,0.015174,0.567426,0.450562,Pindah ke Kota 48,24-48
Semut 41,2,48,38,49.4975,0.014884,0.177716,0.746282,Pindah ke Kota 38,24-48-38
Semut 41,3,38,40,35.3553,0.014887,0.277593,0.750091,Pindah ke Kota 40,24-48-38-40
Semut 41,52,9,24,606.2384,0.014781,1.000000,0.000000,Kembali ke Awal (Kota 24),24-48-38-40-44-31-1-34-15-5-4-6-32-35-36-39-45-47-26-27-12-51-18-19-41-49-22-10-43-8-23-20-50-2-7-42-29-25-37-3-21-17-28-46-16-30-52-14-13-33-11-9-24
Semut 42,1,40,38,35.3553,0.013455,0.240435,0.694060,Pindah ke Kota 38,40-38
Semut 42,2,38,37,43.0116,0.013422,0.181007,0.697029,Pindah ke Kota 37,40-38-37
Semut 42,3,37,25,207.1835,0.013394,0.011804,0.346339,Pindah ke Kota 25,40-38-37-25
Semut 42,52,26,40,609.1387,0.013335,1.000000,0.000000,Kembali ke Awal (Kota 40),40-38-37-25-43-47-35-4-6-5-15-45-8-30-49-1-32-31-18-29-22-24-48-34-36-39-46-20-23-28-27-12-13-14-52-11-51-19-17-9-10-41-42-7-2-50-16-44-3-21-33-26-40
Semut 43,1,32,16,330.9456,0.011974,0.006974,0.164868,Pindah ke Kota 16,32-16
Semut 43,2,16,18,407.8296,0.011975,0.010990,0.136647,Pindah ke Kota 18,32-16-18
Semut 43,3,18,31,80.1561,0.012174,0.245668,0.643964,Pindah ke Kota 31,32-16-18-31
Semut 43,52,27,32,823.1191,0.011973,1.000000,0.000000,Kembali ke Awal (Kota 32),32-16-18-31-22-36-44-50-25-24-5-40-37-38-49-1-9-8-45-19-43-34-39-35-48-6-4-15-12-51-7-2-23-42-28-26-47-52-11-13-14-46-20-41-3-17-21-30-29-10-33-27-32
Semut 44,1,10,31,619.2940,0.010775,0.007712,0.736324,Pindah ke Kota 31,10-31
Semut 44,2,31,22,104.4031,0.010857,0.128900,0.587131,Pindah ke Kota 22,10-31-22
Semut 44,3,22,23,174.6425,0.010845,0.026571,0.560750,Pindah ke Kota 23,10-31-22-23
Semut 44,52,33,10,500.8992,0.010938,1.000000,0.000000,Kembali ke Awal (Kota 10),10-31-22-23-20-1-35-34-44-16-32-36-39-40-25-49-50-17-42-21-18-3-19-45-5-38-48-24-15-6-4-41-8-9-30-28-12-51-27-13-14-52-11-47-2-7-29-46-37-43-26-33-10
Semut 45,1,16,38,283.7693,0.009698,0.022303,0.563623,Pindah ke Kota 38,16-38
Semut 45,2,38,24,44.7214,0.009763,0.131612,0.347064,Pindah ke Kota 24,16-38-24
Semut 45,3,24,48,15.8114,0.010109,0.613928,0.737695,Pindah ke Kota 48,16-38-24-48
Semut 45,52,17,16,650.7111,0.009720,1.000000,0.000000,Kembali ke Awal (Kota 16),16-38-24-48-46-10-9-40-15-5-6-4-26-34-35-36-39-37-32-1-49-41-19-27-28-12-51-43-45-8-44-25-20-50-21-2-7-42-30-29-22-18-3-31-23-47-52-13-14-11-33-17-16
Semut 46,1,48,24,15.8114,0.009164,0.644223,0.492002,Pindah ke Kota 24,48-24
Semut 46,2,24,5,31.6228,0.008881,0.323823,0.309610,Pindah ke Kota 5,48-24-5
Semut 46,3,5,15,25.0000,0.009030,0.449333,0.638868,Pindah ke Kota 15,48-24-5-15
Semut 46,52,30,48,553.1727,0.008728,1.000000,0.000000,Kembali ke Awal (Kota 48),48-24-5-15-40-37-6-23-20-50-16-34-36-35-39-1-49-32-22-43-45-19-41-8-10-31-3-29-12-44-26-51-21-18-46-25-4-13-47-52-11-28-27-14-38-9-33-7-2-42-17-30-48
Semut 47,1,35,36,15.0000,0.008248,0.550238,0.387497,Pindah ke Kota 36,35-36
Semut 47,2,36,40,85.0000,0.007860,0.052342,0.857423,Pindah ke Kota 40,35-36-40
Semut 47,3,40,34,92.1954,0.007856,0.037601,0.236018,Pindah ke Kota 34,35-36-40-34
Semut 47,52,14,35,1030.5945,0.007855,1.000000,0.000000,Kembali ke Awal (Kota 35),35-36-40-34-37-42-3-17-30-23-50-20-46-44-32-49-22-1-31-21-16-29-7-2-9-10-8-5-15-6-4-39-24-38-43-28-26-12-52-13-27-51-11-25-19-45-41-18-48-33-47-14-35
Semut 48,1,46,24,140.0893,0.007074,0.065182,0.302493,Pindah ke Kota 24,46-24
Semut 48,2,24,48,15.8114,0.007476,0.576768,0.739187,Pindah ke Kota 48,46-24-48
Semut 48,3,48,15,71.5891,0.007106,0.086979,0.345167,Pindah ke Kota 15,46-24-48-15
Semut 48,52,33,46,747.0107,0.007071,1.000000,0.000000,Kembali ke Awal (Kota 46),46-24-48-15-6-43-31-18-20-50-44-49-36-34-35-38-40-37-27-28-26-51-11-13-22-1-32-30-21-16-4-5-52-14-47-12-25-39-45-19-8-23-29-7-2-42-3-17-41-10-9-33-46
Semut 49,1,34,35,21.2132,0.006646,0.489712,0.221690,Pindah ke Kota 35,34-35
Semut 49,2,35,36,15.0000,0.006737,0.756124,0.201357,Pindah ke Kota 36,34-35-36
Semut 49,3,36,39,43.0116,0.006579,0.320674,0.444726,Pindah ke Kota 39,34-35-36-39
Semut 49,52,33,34,734.0981,0.006364,1.000000,0.000000,Kembali ke Awal (Kota 34),34-35-36-39-40-37-38-6-24-4-5-48-15-42-30-20-50-16-43-25-46-44-1-32-49-31-23-13-11-3-18-19-8-22-41-45-26-27-28-12-51-10-9-17-21-2-7-29-47-14-52-33-34
Semut 50,1,26,28,158.9025,0.005951,0.152698,0.584926,Pindah ke Kota 28,26-28
Semut 50,2,28,27,110.1136,0.006084,0.324264,0.422588,Pindah ke Kota 27,26-28-27
Semut 50,3,27,13,185.0676,0.005867,0.189687,0.241852,Pindah ke Kota 13,26-28-27-13
Semut 50,52,47,26,185.5398,0.005838,1.000000,0.000000,Kembali ke Awal (Kota 26),26-28-27-13-4-40-38-48-24-5-15-6-25-35-34-36-39-32-49-18-8-41-19-37-12-1-22-31-45-23-2-7-42-17-50-20-44-16-46-29-30-21-3-51-33-10-9-43-11-52-14-47-26
Semut 51,1,27,28,110.1136,0.005553,0.285719,0.671460,Pindah ke Kota 28,27-28
Semut 51,2,28,19,879.3321,0.005154,0.005764,0.380729,Pindah ke Kota 19,27-28-19
Semut 51,3,19,45,75.0000,0.005452,0.282885,0.846873,Pindah ke Kota 45,27-28-19-45
Semut 51,52,43,27,751.0326,0.005175,1.000000,0.000000,Kembali ke Awal (Kota 27),27-28-19-45-10-41-8-9-44-34-35-49-32-1-22-36-39-40-38-30-7-2-21-3-31-17-48-24-50-23-42-33-51-12-25-18-4-6-15-5-37-26-47-52-11-14-13-16-46-29-20-43-27
Semut 52,1,7,38,874.7142,0.004638,0.001577,0.757856,Pindah ke Kota 38,7-38
Semut 52,2,38,5,50.9902,0.004697,0.100130,0.038790,Pindah ke Kota 5,7-38-5
Semut 52,3,5,15,25.0000,0.005006,0.355417,0.363072,Pindah ke Kota 15,7-38-5-15
Semut 52,52,13,7,1440.3125,0.004638,1.000000,0.000000,Kembali ke Awal (Kota 7),7-38-5-15-37-40-34-35-44-31-18-21-23-50-20-22-1-39-48-24-4-25-29-42-2-49-32-3-41-8-19-45-36-12-46-14-51-27-28-26-47-10-9-16-30-43-17-6-52-33-11-13-7
Semut 53,1,43,5,266.6927,0.004175,0.047955,0.117650,Pindah ke Kota 5,43-5
Semut 53,2,5,24,31.6228,0.004341,0.197671,0.595513,Pindah ke Kota 24,43-5-24
Semut 53,3,24,44,183.9837,0.004175,0.004503,0.305752,Pindah ke Kota 44,43-5-24-44
Semut 53,52,29,43,770.6004,0.004182,1.000000,0.000000,Kembali ke Awal (Kota 43),43-5-24-44-16-34-37-38-40-39-32-1-35-36-49-19-10-9-17-41-8-22-23-50-30-2-42-7-21-45-20-46-12-4-25-48-18-31-3-26-27-47-13-28-6-15-33-51-11-52-14-29-43
Semut 54,1,30,18,385.0325,0.003774,0.023756,0.197076,Pindah ke Kota 18,30-18
Semut 54,2,18,23,229.4014,0.003762,0.027474,0.425314,Pindah ke Kota 23,30-18-23
Semut 54,3,23,17,418.0012,0.003764,0.010026,0.165087,Pindah ke Kota 17,30-18-23-17
Semut 54,52,14,30,1146.4838,0.003765,1.000000,0.000000,Kembali ke Awal (Kota 30),30-18-23-17-15-46-48-24-40-39-34-35-36-32-22-1-49-37-38-5-28-51-44-20-31-45-19-41-29-16-33-43-8-42-7-2-3-21-4-6-26-52-47-27-13-11-10-9-50-12-25-14-30
Semut 55,1,20,39,313.8471,0.003381,0.007156,0.303241,Pindah ke Kota 39,20-39
Semut 55,2,39,40,42.7200,0.003650,0.190098,0.849897,Pindah ke Kota 40,20-39-40
Semut 55,3,40,38,35.3553,0.003631,0.297325,0.794114,Pindah ke Kota 38,20-39-40-38
Semut 55,52,52,20,1186.0860,0.003381,1.000000,0.000000,Kembali ke Awal (Kota 20),20-39-40-38-46-35-36-34-37-15-5-24-48-12-27-26-32-22-1-31-50-23-21-7-2-42-3-44-19-28-13-30-11-51-33-49-18-10-9-8-41-45-43-4-47-16-29-14-17-25-6-52-20
Semut 56,1,26,25,412.0983,0.003061,0.021597,0.268261,Pindah ke Kota 25,26-25
Semut 56,2,25,4,109.2016,0.003181,0.135893,0.058482,Pindah ke Kota 4,26-25-4
Semut 56,3,4,15,100.1249,0.003068,0.115179,0.411948,Pindah ke Kota 15,26-25-4-15
Semut 56,52,41,26,1028.9922,0.003045,1.000000,0.000000,Kembali ke Awal (Kota 26),26-25-4-15-5-46-49-34-35-36-39-45-19-9-10-31-44-24-48-37-40-16-20-50-30-21-23-29-47-6-38-22-1-18-3-43-33-28-27-13-14-52-2-7-42-17-32-51-12-11-8-41-26
Semut 57,1,44,35,96.1769,0.002776,0.097172,0.526877,Pindah ke Kota 35,44-35
Semut 57,2,35,36,15.0000,0.003139,0.563877,0.350971,Pindah ke Kota 36,44-35-36
Semut 57,3,36,37,85.0000,0.002746,0.052479,0.577638,Pindah ke Kota 37,44-35-36-37
Semut 57,52,14,44,966.3980,0.002739,1.000000,0.000000,Kembali ke Awal (Kota 44),44-35-36-37-34-39-40-38-46-24-48-6-5-49-1-22-15-41-8-17-19-45-43-4-51-12-27-13-26-28-33-10-47-50-31-18-23-30-21-2-7-25-9-52-11-20-3-32-29-16-42-14-44
Semut 58,1,30,49,422.6701,0.002479,0.019592,0.910252,Pindah ke Kota 49,30-49
Semut 58,2,49,1,64.0312,0.002642,0.147759,0.094417,Pindah ke Kota 1,30-49-1
Semut 58,3,1,22,46.0977,0.002834,0.392927,0.232992,Pindah ke Kota 22,30-49-1-22
Semut 58,52,8,30,758.7654,0.002481,1.000000,0.000000,Kembali ke Awal (Kota 30),30-49-1-22-45-5-24-6-15-4-37-39-40-36-35-34-32-46-16-44-48-38-43-10-9-3-18-19-41-17-31-21-23-20-50-47-11-14-12-28-29-51-25-52-26-27-13-33-42-7-2-8-30
Semut 59,1,33,28,766.5507,0.002320,0.017919,0.516526,Pindah ke Kota 28,33-28
Semut 59,2,28,16,525.8564,0.002219,0.011348,0.255748,Pindah ke Kota 16,33-28-16
Semut 59,3,16,18,407.8296,0.002231,0.010743,0.132894,Pindah ke Kota 18,33-28-16-18
Semut 59,52,17,33,1120.2901,0.002236,1.000000,0.000000,Kembali ke Awal (Kota 33),33-28-16-18-21-20-23-19-45-8-41-32-49-46-37-38-15-24-48-5-6-25-40-39-34-36-35-4-43-10-9-7-2-42-29-44-1-22-31-3-50-26-27-52-47-12-14-51-11-13-30-17-33
Semut 60,1,41,8,64.0312,0.002386,0.432150,0.148698,Pindah ke Kota 8,41-8
Semut 60,2,8,32,338.7108,0.002003,0.027137,0.660043,Pindah ke Kota 32,41-8-32
Semut 60,3,32,49,50.0000,0.002219,0.329662,0.798727,Pindah ke Kota 49,41-8-32-49
Semut 60,52,47,41,1133.1593,0.001997,1.000000,0.000000,Kembali ke Awal (Kota 41),41-8-32-49-1-39-36-35-34-21-50-20-23-22-27-25-48-24-5-15-6-45-18-3-4-43-40-37-38-7-2-42-17-31-44-16-28-46-29-19-9-10-30-12-51-26-52-13-14-11-33-47-41
Semut 61,1,14,13,205.5480,0.002013,0.249582,0.268169,Pindah ke Kota 13,14-13
Semut 61,2,13,27,185.0676,0.002029,0.222759,0.526042,Pindah ke Kota 27,14-13-27
Semut 61,3,27,28,110.1136,0.002026,0.326295,0.652157,Pindah ke Kota 28,14-13-27-28
Semut 61,52,52,14,318.9044,0.001984,1.000000,0.000000,Kembali ke Awal (Kota 14),14-13-27-28-47-46-37-49-35-36-39-40-38-5-24-48-34-44-22-21-23-45-19-41-10-9-25-4-6-15-17-30-50-20-16-29-12-26-43-8-1-32-18-31-2-42-7-3-33-51-11-52-14
Semut 62,1,18,29,516.7688,0.001625,0.005220,0.448318,Pindah ke Kota 29,18-29
Semut 62,2,29,20,210.2974,0.001640,0.087437,0.273242,Pindah ke Kota 20,18-29-20
Semut 62,3,20,50,35.3553,0.002014,0.662160,0.458130,Pindah ke Kota 50,18-29-20-50
Semut 62,52,52,18,1381.2042,0.001618,1.000000,0.000000,Kembali ke Awal (Kota 18),18-29-20-50-22-8-41-24-48-37-35-36-39-38-40-15-5-6-49-19-45-3-31-30-26-47-13-27-28-14-12-51-11-4-17-34-44-46-25-21-23-1-32-9-10-43-33-2-42-7-16-52-18
Semut 63,1,44,46,130.8625,0.001552,0.053975,0.899747,Pindah ke Kota 46,44-46
Semut 63,2,46,5,170.6605,0.001492,0.047601,0.068372,Pindah ke Kota 5,44-46-5
Semut 63,3,5,48,47.4342,0.001521,0.082000,0.935999,Pindah ke Kota 48,44-46-5-48
Semut 63,52,16,44,132.3820,0.001617,1.000000,0.000000,Kembali ke Awal (Kota 44),44-46-5-48-24-39-35-34-36-40-37-38-6-15-8-10-9-17-29-1-49-32-41-45-31-23-22-30-50-20-11-26-52-51-4-25-33-43-21-42-2-7-18-3-19-28-27-14-13-12-47-16-44
Semut 64,1,43,10,307.7743,0.001449,0.039044,0.261326,Pindah ke Kota 10,43-10
Semut 64,2,10,41,243.9775,0.001416,0.047093,0.884174,Pindah ke Kota 41,43-10-41
Semut 64,3,41,39,407.0012,0.001310,0.008916,0.891009,Pindah ke Kota 39,43-10-41-39
Semut 64,52,19,43,367.7635,0.001318,1.000000,0.000000,Kembali ke Awal (Kota 43),43-10-41-39-37-40-38-3-28-15-6-48-24-5-4-17-18-22-1-44-16-21-20-23-31-50-29-46-32-34-35-36-49-45-8-9-2-7-42-47-26-27-12-51-11-13-52-14-33-25-30-19-43
Semut 65,1,38,6,86.3134,0.001292,0.034992,0.127160,Pindah ke Kota 6,38-6
Semut 65,2,6,5,35.3553,0.001317,0.297383,0.099635,Pindah ke Kota 5,38-6-5
Semut 65,3,5,48,47.4342,0.001293,0.108512,0.930556,Pindah ke Kota 48,38-6-5-48
Semut 65,52,29,38,484.2004,0.001180,1.000000,0.000000,Kembali ke Awal (Kota 38),38-6-5-48-24-15-43-35-36-31-18-1-34-39-40-16-46-37-42-2-7-30-20-50-23-17-21-22-45-19-32-49-44-8-9-10-41-3-25-4-51-12-14-52-13-27-11-47-26-28-33-29-38
Semut 66,1,3,22,240.5203,0.001068,0.044293,0.483742,Pindah ke Kota 22,3-22
Semut 66,2,22,18,116.2970,0.001132,0.053824,0.471086,Pindah ke Kota 18,3-22-18
Semut 66,3,18,39,305.0000,0.001061,0.017940,0.811313,Pindah ke Kota 39,3-22-18-39
Semut 66,52,12,3,891.3613,0.001063,1.000000,0.000000,Kembali ke Awal (Kota 3),3-22-18-39-5-15-38-24-37-34-35-25-48-47-26-31-1-23-32-49-36-44-30-50-20-16-41-19-45-33-43-14-13-27-4-6-40-46-8-10-9-29-21-17-7-42-2-52-11-51-28-12-3
Semut 67,1,19,41,91.9239,0.001149,0.188915,0.524538,Pindah ke Kota 41,19-41
Semut 67,2,41,42,796.4923,0.000960,0.002776,0.877276,Pindah ke Kota 42,19-41-42
Semut 67,3,42,2,102.5914,0.001355,0.280411,0.165685,Pindah ke Kota 2,19-41-42-2
Semut 67,52,52,19,1381.9551,0.000955,1.000000,0.000000,Kembali ke Awal (Kota 19),19-41-42-2-15-24-48-37-39-40-38-5-6-46-35-34-36-32-49-3-31-23-20-50-25-12-11-27-26-47-13-14-28-4-45-44-1-22-18-17-29-30-21-7-16-8-10-43-33-51-9-52-19
Semut 68,1,29,6,528.0152,0.000860,0.013218,0.074473,Pindah ke Kota 6,29-6
Semut 68,2,6,46,182.0027,0.000921,0.009832,0.920028,Pindah ke Kota 46,29-6-46
Semut 68,3,46,16,155.7241,0.000976,0.060129,0.189195,Pindah ke Kota 16,29-6-46-16
Semut 68,52,33,29,1095.6733,0.000924,1.000000,0.000000,Kembali ke Awal (Kota 29),29-6-46-16-42-7-2-24-21-22-1-32-34-37-15-48-5-38-40-39-36-35-44-23-20-50-30-31-49-8-41-19-43-25-51-11-12-26-47-13-27-28-52-14-9-10-3-18-45-17-4-33-29
Semut 69,1,43,12,484.3810,0.000776,0.014026,0.296918,Pindah ke Kota 12,43-12
Semut 69,2,12,51,188.2153,0.001009,0.138411,0.917295,Pindah ke Kota 51,43-12-51
Semut 69,3,51,27,410.4875,0.000797,0.043346,0.568168,Pindah ke Kota 27,43-12-51-27
Semut 69,52,52,43,1097.2010,0.000774,1.000000,0.000000,Kembali ke Awal (Kota 43),43-12-51-27-28-19-15-5-6-34-35-36-1-22-31-32-49-39-40-38-24-48-25-37-8-41-9-10-7-2-42-23-21-20-16-46-44-45-3-18-30-29-50-26-47-14-13-11-4-17-33-52-43
Semut 70,1,17,3,217.3131,0.000720,0.108260,0.154668,Pindah ke Kota 3,17-3
Semut 70,2,3,18,134.6291,0.000936,0.191834,0.324326,Pindah ke Kota 18,17-3-18
Semut 70,3,18,41,330.4921,0.000702,0.013646,0.856106,Pindah ke Kota 41,17-3-18-41
Semut 70,52,42,17,408.0747,0.000759,1.000000,0.000000,Kembali ke Awal (Kota 17),17-3-18-41-8-45-32-44-37-38-16-6-5-15-39-36-35-34-40-24-25-4-10-9-19-1-22-48-46-49-23-7-2-50-20-31-21-28-27-26-13-52-14-51-11-12-43-33-29-30-47-42-17
Semut 71,1,7,42,76.1577,0.000899,0.204133,0.982518,Pindah ke Kota 42,7-42
Semut 71,2,42,38,798.8899,0.000627,0.005827,0.913863,Pindah ke Kota 38,7-42-38
Semut 71,3,38,24,44.7214,0.000740,0.127593,0.290723,Pindah ke Kota 24,7-42-38-24
Semut 71,52,26,7,1190.0945,0.000627,1.000000,0.000000,Kembali ke Awal (Kota 7),7-42-38-24-48-40-37-4-25-51-33-43-1-31-18-39-36-35-34-20-50-23-15-5-6-32-49-45-8-41-19-46-22-47-16-44-21-30-29-13-27-28-12-52-2-3-17-9-10-11-14-26-7
Semut 72,1,7,2,45.0000,0.000997,0.709472,0.645850,Pindah ke Kota 2,7-2
Semut 72,2,2,42,102.5914,0.000893,0.639993,0.515748,Pindah ke Kota 42,7-2-42
Semut 72,3,42,39,728.8690,0.000564,0.015869,0.815414,Pindah ke Kota 39,7-2-42-39
Semut 72,52,33,7,1459.6318,0.000568,1.000000,0.000000,Kembali ke Awal (Kota 7),7-2-42-39-37-48-24-38-15-5-6-34-35-8-9-40-36-20-50-30-23-44-22-16-14-13-27-28-19-45-26-47-32-49-18-1-31-43-4-25-46-17-21-29-12-11-51-10-41-3-52-33-7
Semut 73,1,44,49,157.0032,0.000550,0.036184,0.938323,Pindah ke Kota 49,44-49
Semut 73,2,49,1,64.0312,0.000601,0.140138,0.102690,Pindah ke Kota 1,44-49-1
Semut 73,3,1,34,135.0926,0.000545,0.036273,0.790744,Pindah ke Kota 34,44-49-1-34
Semut 73,52,9,44,685.5837,0.000514,1.000000,0.000000,Kembali ke Awal (Kota 44),44-49-1-34-35-36-32-6-15-48-24-38-37-39-40-29-30-8-19-11-31-22-46-23-16-20-50-5-47-13-27-26-52-7-2-42-18-41-43-4-25-45-3-17-33-51-12-28-14-21-10-9-44
Semut 74,1,42,47,1092.5429,0.000533,0.001755,0.983463,Pindah ke Kota 47,42-47
Semut 74,2,47,32,845.0000,0.000507,0.008851,0.787575,Pindah ke Kota 32,42-47-32
Semut 74,3,32,35,130.3840,0.000459,0.035575,0.366734,Pindah ke Kota 35,42-47-32-35
Semut 74,52,43,42,1021.7632,0.000457,1.000000,0.000000,Kembali ke Awal (Kota 42),42-47-32-35-36-39-37-38-24-40-9-45-19-21-46-49-1-20-34-44-16-50-23-29-48-5-15-4-28-12-13-26-52-33-11-51-2-7-17-3-30-41-8-10-18-31-22-6-25-27-14-43-42
Semut 75,1,38,35,120.8305,0.000417,0.013799,0.416567,Pindah ke Kota 35,38-35
Semut 75,2,35,34,21.2132,0.000812,0.286535,0.163613,Pindah ke Kota 34,38-35-34
Semut 75,3,34,45,276.1340,0.000413,0.004930,0.918038,Pindah ke Kota 45,38-35-34-45
Semut 75,52,33,38,625.4998,0.000411,1.000000,0.000000,Kembali ke Awal (Kota 38),38-35-34-45-32-1-49-50-20-25-4-28-27-13-9-8-15-5-48-24-6-16-23-22-18-31-19-40-39-36-37-44-30-42-7-2-3-41-10-43-46-29-47-26-52-11-51-12-21-17-14-33-38
Semut 76,1,42,30,315.1587,0.000440,0.020391,0.930220,Pindah ke Kota 30,42-30
Semut 76,2,30,46,481.2744,0.000370,0.014056,0.855922,Pindah ke Kota 46,42-30-46
Semut 76,3,46,17,708.2549,0.000411,0.002602,0.248418,Pindah ke Kota 17,42-30-46-17
Semut 76,52,16,42,639.5311,0.000410,1.000000,0.000000,Kembali ke Awal (Kota 42),42-30-46-17-22-49-32-36-35-34-39-40-38-51-26-27-28-12-4-25-6-5-15-48-8-9-10-18-44-1-50-23-20-37-41-19-45-2-7-31-21-29-33-24-11-13-14-52-43-47-3-16-42
Semut 77,1,34,36,33.5410,0.000405,0.136105,0.832783,Pindah ke Kota 36,34-36
Semut 77,2,36,35,15.0000,0.000764,0.817178,0.717186,Pindah ke Kota 35,34-36-35
Semut 77,3,35,24,152.9706,0.000333,0.026896,0.222569,Pindah ke Kota 24,34-36-35-24
Semut 77,52,17,34,561.4713,0.000347,1.000000,0.000000,Kembali ke Awal (Kota 34),34-36-35-24-48-38-16-51-12-14-28-27-13-11-40-6-5-15-4-44-46-19-8-41-39-32-49-1-22-18-21-23-50-20-45-43-25-37-9-10-3-30-31-47-7-42-2-29-33-26-52-17-34
Semut 78,1,7,2,45.0000,0.000741,0.743981,0.151924,Pindah ke Kota 2,7-2
Semut 78,2,2,42,102.5914,0.000599,0.688811,0.394138,Pindah ke Kota 42,7-2-42
Semut 78,3,42,21,289.9138,0.000317,0.102117,0.365428,Pindah ke Kota 21,7-2-42-21
Semut 78,52,30,7,385.5191,0.000325,1.000000,0.000000,Kembali ke Awal (Kota 7),7-2-42-21-18-43-15-5-50-20-31-23-22-36-35-34-38-39-40-12-48-37-16-29-1-44-45-10-9-41-19-6-24-25-4-46-8-32-49-3-17-33-27-52-26-28-13-14-47-11-51-30-7
Semut 79,1,3,22,240.5203,0.000289,0.041755,0.500802,Pindah ke Kota 22,3-22
Semut 79,2,22,1,46.0977,0.000489,0.461964,0.149084,Pindah ke Kota 1,3-22-1
Semut 79,3,1,34,135.0926,0.000322,0.047259,0.388100,Pindah ke Kota 34,3-22-1-34
Semut 79,52,33,3,903.3964,0.000283,1.000000,0.000000,Kembali ke Awal (Kota 3),3-22-1-34-35-36-39-40-37-24-15-5-48-38-26-27-28-12-25-4-6-46-32-49-19-45-7-2-23-50-20-16-44-41-8-10-9-43-18-17-42-30-29-31-21-51-14-13-47-11-52-33-3
Semut 80,1,14,52,318.9044,0.000400,0.109639,0.895008,Pindah ke Kota 52,14-52
Semut 80,2,52,29,1081.9543,0.000243,0.009847,0.738875,Pindah ke Kota 29,14-52-29
Semut 80,3,29,50,191.3766,0.000279,0.104788,0.924885,Pindah ke Kota 50,14-52-29-50
Semut 80,52,13,14,205.5480,0.000553,1.000000,0.000000,Kembali ke Awal (Kota 14),14-52-29-50-23-30-20-4-6-15-5-24-48-37-49-32-1-31-22-40-38-16-34-35-39-36-45-19-8-41-9-33-25-28-27-46-44-47-26-12-43-10-21-18-3-17-51-11-7-2-42-13-14
Semut 81,1,16,6,328.8237,0.000279,0.017251,0.062031,Pindah ke Kota 6,16-6
Semut 81,2,6,40,120.4159,0.000274,0.019384,0.907957,Pindah ke Kota 40,16-6-40
Semut 81,3,40,39,42.7200,0.000558,0.260263,0.847024,Pindah ke Kota 39,16-6-40-39
Semut 81,52,29,16,200.8109,0.000300,1.000000,0.000000,Kembali ke Awal (Kota 16),16-6-40-39-32-49-37-15-24-48-5-4-23-22-50-20-44-34-35-36-28-26-51-38-19-45-12-41-8-9-10-43-33-25-46-31-18-3-21-1-30-42-2-7-17-11-13-27-47-14-52-29-16
Semut 82,1,25,4,109.2016,0.000505,0.248124,0.026230,Pindah ke Kota 4,25-4
Semut 82,2,4,5,104.4031,0.000281,0.116941,0.032105,Pindah ke Kota 5,25-4-5
Semut 82,3,5,6,35.3553,0.000400,0.156129,0.023584,Pindah ke Kota 6,25-4-5-6
Semut 82,52,51,25,392.7467,0.000240,1.000000,0.000000,Kembali ke Awal (Kota 25),25-4-5-6-40-38-15-39-36-35-45-19-41-34-44-49-22-8-9-10-26-43-33-17-37-1-32-29-31-18-3-42-7-2-21-30-12-28-27-13-14-52-11-16-50-20-24-48-46-23-47-51-25
Semut 83,1,7,2,45.0000,0.000713,0.803023,0.750992,Pindah ke Kota 2,7-2
Semut 83,2,2,17,494.7727,0.000177,0.011235,0.053374,Pindah ke Kota 17,7-2-17
Semut 83,3,17,41,442.6342,0.000188,0.023530,0.839450,Pindah ke Kota 41,7-2-17-41
Semut 83,52,10,7,1095.7304,0.000193,1.000000,0.000000,Kembali ke Awal (Kota 7),7-2-17-41-8-32-49-40-5-15-39-35-34-36-16-44-50-20-29-33-43-45-19-3-18-1-48-24-38-37-23-21-31-28-12-27-13-14-52-11-51-4-6-46-25-47-26-42-30-22-9-10-7
Semut 84,1,20,24,378.4508,0.000218,0.002410,0.091583,Pindah ke Kota 24,20-24
Semut 84,2,24,48,15.8114,0.000610,0.763135,0.496793,Pindah ke Kota 48,20-24-48
Semut 84,3,48,34,133.4166,0.000168,0.017175,0.509792,Pindah ke Kota 34,20-24-48-34
Semut 84,52,22,20,223.6068,0.000162,1.000000,0.000000,Kembali ke Awal (Kota 20),20-24-48-34-39-36-35-18-17-32-25-4-51-5-15-47-19-45-30-50-1-49-44-8-41-9-10-28-27-26-21-3-31-7-2-42-23-29-6-38-37-40-46-16-12-43-13-14-52-11-33-22-20
Semut 85,1,12,40,465.2956,0.000179,0.015891,0.724839,Pindah ke Kota 40,12-40
Semut 85,2,40,39,42.7200,0.000415,0.250185,0.878968,Pindah ke Kota 39,12-40-39
Semut 85,3,39,18,305.0000,0.000167,0.002803,0.071244,Pindah ke Kota 18,12-40-39-18
Semut 85,52,52,12,618.5669,0.000160,1.000000,0.000000,Kembali ke Awal (Kota 12),12-40-39-18-49-32-22-1-31-3-38-48-24-15-6-5-4-25-46-34-35-36-37-44-50-20-16-30-21-43-41-8-45-19-13-11-14-27-28-47-26-51-33-42-2-7-17-23-29-10-9-52-12
Semut 86,1,3,42,550.0909,0.000182,0.008035,0.880070,Pindah ke Kota 42,3-42
Semut 86,2,42,7,76.1577,0.000292,0.437912,0.757440,Pindah ke Kota 7,3-42-7
Semut 86,3,7,2,45.0000,0.000696,0.964058,0.258020,Pindah ke Kota 2,3-42-7-2
Semut 86,52,13,3,1247.7580,0.000129,1.000000,0.000000,Kembali ke Awal (Kota 3),3-42-7-2-30-21-36-35-34-44-11-52-27-28-26-37-38-48-24-6-15-5-4-32-49-45-19-8-41-9-10-50-20-40-39-43-51-12-25-46-16-1-22-33-17-31-23-29-18-47-14-13-3
Semut 87,1,13,11,442.7189,0.000283,0.036664,0.034347,Pindah ke Kota 11,13-11
Semut 87,2,11,51,285.0439,0.000339,0.252985,0.665088,Pindah ke Kota 51,13-11-51
Semut 87,3,51,32,767.3493,0.000119,0.007964,0.736553,Pindah ke Kota 32,13-11-51-32
Semut 87,52,30,13,1056.1842,0.000122,1.000000,0.000000,Kembali ke Awal (Kota 13),13-11-51-32-49-34-35-36-39-40-37-38-5-6-15-4-25-43-16-50-20-44-46-19-45-23-42-7-2-31-18-3-17-1-22-21-8-41-9-10-29-12-28-27-47-26-33-14-52-48-24-30-13
Semut 88,1,28,26,158.9025,0.000243,0.113898,0.339610,Pindah ke Kota 26,28-26
Semut 88,2,26,27,126.1943,0.000246,0.358198,0.485544,Pindah ke Kota 27,28-26-27
Semut 88,3,27,11,417.4326,0.000120,0.025826,0.069334,Pindah ke Kota 11,28-26-27-11
Semut 88,52,52,28,513.9309,0.000114,1.000000,0.000000,Kembali ke Awal (Kota 28),28-26-27-11-13-8-41-25-42-7-2-15-5-32-39-36-35-34-44-20-50-16-29-1-22-49-37-40-38-24-48-43-45-19-3-18-31-23-4-46-33-51-12-6-21-17-9-10-30-47-14-52-28
Semut 89,1,52,12,618.5669,0.000152,0.027404,0.191167,Pindah ke Kota 12,52-12
Semut 89,2,12,51,188.2153,0.000295,0.203748,0.958100,Pindah ke Kota 51,52-12-51
Semut 89,3,51,5,499.9250,0.000133,0.028667,0.100870,Pindah ke Kota 5,52-12-51-5
Semut 89,52,40,52,1060.3891,0.000094,1.000000,0.000000,Kembali ke Awal (Kota 52),52-12-51-5-15-6-26-27-37-38-24-48-1-22-31-20-50-16-29-44-34-35-36-39-46-25-4-3-10-9-8-41-19-45-32-49-43-33-18-17-21-2-7-42-30-23-28-14-13-47-11-40-52
Semut 90,1,4,25,109.2016,0.000450,0.237085,0.737521,Pindah ke Kota 25,4-25
Semut 90,2,25,46,173.3494,0.000328,0.170968,0.735396,Pindah ke Kota 46,4-25-46
Semut 90,3,46,16,155.7241,0.000195,0.093018,0.174045,Pindah ke Kota 16,4-25-46-16
Semut 90,52,28,4,417.4326,0.000116,1.000000,0.000000,Kembali ke Awal (Kota 4),4-25-46-16-35-36-39-37-40-38-5-15-6-24-48-1-22-50-20-23-30-44-34-49-32-18-3-21-31-29-12-51-11-13-14-33-26-27-7-2-42-17-8-19-45-9-10-41-43-52-47-28-4
Semut 91,1,48,40,80.6226,0.000084,0.004537,0.992278,Pindah ke Kota 40,48-40
Semut 91,2,40,38,35.3553,0.000303,0.326449,0.559929,Pindah ke Kota 38,48-40-38
Semut 91,3,38,5,50.9902,0.000215,0.159541,0.133725,Pindah ke Kota 5,48-40-38-5
Semut 91,52,43,48,313.2491,0.000129,1.000000,0.000000,Kembali ke Awal (Kota 48),48-40-38-5-15-6-24-44-50-20-23-34-35-36-39-37-16-11-12-25-4-46-22-3-49-32-1-30-21-33-29-18-31-10-9-8-41-19-45-51-27-13-14-52-26-47-28-7-2-42-17-43-48
Semut 92,1,14,13,205.5480,0.000491,0.519998,0.123916,Pindah ke Kota 13,14-13
Semut 92,2,13,27,185.0676,0.000294,0.437810,0.529534,Pindah ke Kota 27,14-13-27
Semut 92,3,27,28,110.1136,0.000369,0.488815,0.721361,Pindah ke Kota 28,14-13-27-28
Semut 92,52,11,14,619.5563,0.000116,1.000000,0.000000,Kembali ke Awal (Kota 14),14-13-27-28-36-35-34-44-45-19-41-8-9-10-43-4-40-39-15-5-6-38-37-22-1-32-49-21-30-2-7-42-17-29-50-20-16-46-25-12-51-48-24-18-31-23-3-33-26-47-52-11-14
Semut 93,1,27,26,126.1943,0.000298,0.254098,0.290276,Pindah ke Kota 26,27-26
Semut 93,2,26,28,158.9025,0.000186,0.258695,0.300601,Pindah ke Kota 28,27-26-28
Semut 93,3,28,12,182.4829,0.000210,0.332618,0.437693,Pindah ke Kota 12,27-26-28-12
Semut 93,52,17,27,1226.0200,0.000062,1.000000,0.000000,Kembali ke Awal (Kota 27),27-26-28-12-40-39-34-35-36-22-1-49-32-25-6-46-4-48-24-38-42-2-7-20-50-23-30-21-45-19-41-8-9-10-43-15-5-37-44-16-29-31-18-33-11-52-13-14-47-51-3-17-27
Semut 94,1,11,13,442.7189,0.000261,0.107457,0.132270,Pindah ke Kota 13,11-13
Semut 94,2,13,27,185.0676,0.000312,0.297313,0.770773,Pindah ke Kota 27,11-13-27
Semut 94,3,27,47,291.5476,0.000111,0.021358,0.960418,Pindah ke Kota 47,11-13-27-47
Semut 94,52,17,11,1460.6933,0.000075,1.000000,0.000000,Kembali ke Awal (Kota 11),11-13-27-47-35-36-34-44-49-32-18-31-21-23-28-25-4-48-24-6-15-5-38-37-39-40-41-8-9-10-45-19-3-33-26-52-14-7-2-42-30-29-50-20-16-46-12-51-43-22-1-17-11
Semut 95,1,29,50,191.3766,0.000208,0.204387,0.844073,Pindah ke Kota 50,29-50
Semut 95,2,50,20,35.3553,0.000668,0.920557,0.722725,Pindah ke Kota 20,29-50-20
Semut 95,3,20,16,165.0757,0.000243,0.172518,0.173780,Pindah ke Kota 16,29-50-20-16
Semut 95,52,21,29,459.1568,0.000067,1.000000,0.000000,Kembali ke Awal (Kota 29),29-50-20-16-28-51-12-11-13-47-14-3-23-42-7-2-48-24-38-37-44-46-17-4-25-33-22-1-39-40-35-36-52-26-27-34-49-32-45-19-41-8-9-10-5-15-6-43-31-18-30-21-29
Semut 96,1,7,2,45.0000,0.000699,0.841922,0.249887,Pindah ke Kota 2,7-2
Semut 96,2,2,42,102.5914,0.000382,0.876436,0.340889,Pindah ke Kota 42,7-2-42
Semut 96,3,42,26,1120.1004,0.000065,0.005717,0.527871,Pindah ke Kota 26,7-2-42-26
Semut 96,52,4,7,1026.3649,0.000045,1.000000,0.000000,Kembali ke Awal (Kota 7),7-2-42-26-27-28-25-6-5-38-37-44-34-35-36-39-40-48-24-15-43-31-18-32-49-1-22-3-17-21-30-23-20-50-29-16-46-45-19-41-8-10-9-33-51-11-52-47-13-14-12-4-7
Semut 97,1,29,16,200.8109,0.000275,0.235816,0.096167,Pindah ke Kota 16,29-16
Semut 97,2,16,44,132.3820,0.000144,0.142917,0.476446,Pindah ke Kota 44,29-16-44
Semut 97,3,44,46,130.8625,0.000151,0.066916,0.863994,Pindah ke Kota 46,29-16-44-46
Semut 97,52,47,29,522.8049,0.000049,1.000000,0.000000,Kembali ke Awal (Kota 29),29-16-44-46-6-5-15-24-48-38-40-39-37-49-32-34-35-36-22-1-31-18-3-41-8-9-10-45-19-17-42-7-2-30-20-50-11-14-13-26-27-28-12-51-25-4-21-23-33-43-52-47-29
Semut 98,1,21,30,241.5057,0.000364,0.178460,0.602821,Pindah ke Kota 30,21-30
Semut 98,2,30,42,315.1587,0.000170,0.068403,0.821638,Pindah ke Kota 42,21-30-42
Semut 98,3,42,7,76.1577,0.000364,0.595760,0.366969,Pindah ke Kota 7,21-30-42-7
Semut 98,52,13,21,1194.7594,0.000036,1.000000,0.000000,Kembali ke Awal (Kota 21),21-30-42-7-2-16-41-8-9-10-45-49-1-22-32-43-4-6-5-38-37-40-39-35-36-34-44-46-25-28-27-26-47-52-11-51-12-33-31-18-3-19-24-48-15-23-50-20-29-17-14-13-21
Semut 99,1,3,19,207.0024,0.000191,0.105078,0.575198,Pindah ke Kota 19,3-19
Semut 99,2,19,41,91.9239,0.000340,0.239095,0.209221,Pindah ke Kota 41,3-19-41
Semut 99,3,41,18,330.4921,0.000041,0.002161,0.963494,Pindah ke Kota 18,3-19-41-18
Semut 99,52,17,3,217.3131,0.000204,1.000000,0.000000,Kembali ke Awal (Kota 3),3-19-41-18-31-1-49-32-6-5-15-38-37-34-35-36-39-40-48-24-22-21-29-16-44-46-33-25-4-43-10-9-8-45-27-26-28-11-51-12-20-50-23-30-42-2-7-47-52-14-13-17-3
Semut 100,1,35,36,15.0000,0.000709,0.715086,0.908613,Pindah ke Kota 36,35-36
Semut 100,2,36,39,43.0116,0.000355,0.504899,0.540514,Pindah ke Kota 39,35-36-39
Semut 100,3,39,40,42.7200,0.000570,0.702342,0.762785,Pindah ke Kota 40,35-36-39-40
Semut 100,52,52,35,1111.5417,0.000030,1.000000,0.000000,Kembali ke Awal (Kota 35),35-36-39-40-38-37-49-32-18-31-21-2-7-42-11-51-12-24-48-5-6-15-4-25-46-44-34-1-22-9-10-43-17-3-45-19-8-41-47-14-13-27-26-28-50-20-16-29-23-30-33-52-35
